{
  "w_min": -1,
  "w_max": 1,
  "dw_min": 0.0019983347210657783,
  "up_down": -3.845784130317404e-05,
  "write_noise_std": 0.013300932171690469,
  "piecewise_up": [
    1.2436828142982985,
    1.0880284014607564,
    1.0152776435713908,
    1.0760995815290608,
    0.9197870751939549,
    1.0188334240894854,
    0.915020039326849,
    0.9364969687079282,
    0.8942840326198745,
    0.9095279220610707
  ],
  "piecewise_down": [
    0.9003927770628837,
    0.9218673740721177,
    0.9120844285488225,
    0.9573597025420335,
    1.0035164955797928,
    0.9465796393582778,
    1.019576417515312,
    1.0020205020924964,
    1.0152783633840599,
    1.326984783680437
  ],
  "w_min_dtod": 0.0,
  "w_max_dtod": 0.0,
  "dw_min_dtod": 0.0,
  "dw_min_std": 0.0,
  "up_down_dtod": 0.0,
  "apply_write_noise_on_set": true,
  "_metadata": {
    "n_segments": 10,
    "n_cycles_used": 3,
    "pulses_per_half_cycle": 1002,
    "g_min_original": 81.0,
    "g_max_original": 464.0,
    "metrics": {
      "r2_up": 0.9993499448792429,
      "r2_down": 0.9989622718982273,
      "rmse_up": 0.014365787664108317,
      "rmse_down": 0.017991940295787677
    }
  }
}