{
  "w_min": -1.0,
  "w_max": 1.0,
  "dw_min": 0.002169607065763316,
  "dw_min_dtod": 0.033879779705257414,
  "dw_min_std": 0.3,
  "gamma_up": 0.4229624474917726,
  "gamma_up_dtod": 0.1141785587894313,
  "gamma_down": 0.44687106607120003,
  "gamma_down_dtod": 0.19507551114952218,
  "write_noise_std": 0.03796791197892917,
  "w_min_dtod": 0.0,
  "w_max_dtod": 0.0,
  "mult_noise": true,
  "mean_bound_reference": true,
  "_metadata": {
    "device_type": "LinearStepDevice_with_CycleToCycleVariation",
    "source": "Current.xlsx",
    "n_cycles_fitted": 10,
    "fitting_method": "individual_cycle_fitting",
    "parameter_statistics": {
      "gamma_up": {
        "mean": 0.4229624474917726,
        "std": 0.0482932426766611,
        "values": [
          0.4730343724880576,
          0.41542409802142727,
          0.4711137302522478,
          0.3056807965000838,
          0.4245197073179451,
          0.4322849098327086,
          0.46941805400224873,
          0.4314222153904979,
          0.43162580501028863,
          0.3751007861022207
        ]
      },
      "gamma_down": {
        "mean": 0.44687106607120003,
        "std": 0.08717360163177125,
        "values": [
          0.4922688416904411,
          0.611572375046264,
          0.5621381429178121,
          0.4664981543318845,
          0.47304385709217717,
          0.41125684767653653,
          0.3673351805757005,
          0.32373297590378963,
          0.3596647107063994,
          0.4011995747709953
        ]
      },
      "dw_min": {
        "mean": 0.002169607065763316,
        "std": 7.350580943503108e-05,
        "values": [
          0.0021509813798216153,
          0.002148786453209109,
          0.0021459939153662677,
          0.0021635080782612484,
          0.002155113653137711,
          0.002141098632705856,
          0.0021323022146517573,
          0.0021355129204407197,
          0.002135488489833438,
          0.0021338060438078482,
          0.00224602185856041,
          0.0023858973399627395,
          0.0023078028473346476,
          0.002225632549024894,
          0.0022293097231720163,
          0.002158051956375307,
          0.0021094067096950175,
          0.002075026638505512,
          0.002078830065879794,
          0.0021335698455204025
        ]
      }
    },
    "metrics": {
      "r2_up_mean": 0.9981138994223349,
      "r2_up_std": 0.00046784442401543103,
      "r2_down_mean": 0.9936181774146646,
      "r2_down_std": 0.002825620330166918,
      "rmse_up_mean": 0.025335614980495618,
      "rmse_down_mean": 0.046189706732115504
    },
    "current_range": {
      "min": 9.67741935483871e-07,
      "max": 4.50635386119257e-06
    }
  }
}