{
  "final_train_acc": 90.77,
  "final_val_acc": 91.03,
  "best_val_acc": 91.11,
  "final_train_loss": 0.3423064415738272,
  "final_val_loss": 0.33146455898216576,
  "train_losses": [
    2.2967521669005535,
    2.2363920282961716,
    1.8961849198666716,
    1.325551353855682,
    0.9517564175606791,
    0.7669437325585371,
    0.6680600833473429,
    0.5933363778250558,
    0.5382109799110559,
    0.5012851630700931,
    0.47607845630345824,
    0.4598188097956084,
    0.44871425528579684,
    0.4356395081162199,
    0.4260685543166295,
    0.4176894504823156,
    0.40964208301831917,
    0.4017724121080787,
    0.3956919453704535,
    0.38828588788633916,
    0.384268255360218,
    0.3829034989767237,
    0.380138615332941,
    0.37730286840690985,
    0.37377819601597306,
    0.3711374694191571,
    0.3665643898504121,
    0.3635729337806132,
    0.36039920596044456,
    0.35824076483435213,
    0.3567747857207174,
    0.3555171033784525,
    0.35476867355771663,
    0.35376185958764195,
    0.35193808789827674,
    0.35041334351369824,
    0.3492380043209743,
    0.3475150317589103,
    0.34621505906332783,
    0.3464574991131642,
    0.3459284008979035,
    0.34567089993625816,
    0.3454853222091823,
    0.34546483211965956,
    0.34464422981939846,
    0.3445596427742098,
    0.34408145831592046,
    0.344052732435625,
    0.342782746547702,
    0.3423064415738272
  ],
  "train_accs": [
    13.311666666666666,
    24.973333333333333,
    37.99,
    58.345,
    71.72,
    78.18333333333334,
    81.56333333333333,
    83.94,
    85.53166666666667,
    86.69333333333333,
    87.28833333333334,
    87.74333333333333,
    87.94,
    88.29166666666667,
    88.48833333333333,
    88.69833333333334,
    89.00666666666666,
    89.20333333333333,
    89.345,
    89.49166666666667,
    89.66499999999999,
    89.65333333333334,
    89.80166666666666,
    89.83666666666666,
    89.92666666666666,
    89.98666666666666,
    90.02166666666666,
    90.13833333333334,
    90.19833333333334,
    90.31333333333333,
    90.35333333333332,
    90.38166666666667,
    90.41333333333334,
    90.45666666666666,
    90.51333333333334,
    90.51666666666667,
    90.53833333333333,
    90.58666666666667,
    90.625,
    90.62333333333333,
    90.63833333333334,
    90.71333333333334,
    90.70833333333333,
    90.56166666666667,
    90.645,
    90.725,
    90.74333333333333,
    90.70666666666666,
    90.68833333333333,
    90.77
  ],
  "val_losses": [
    2.2834437318668246,
    2.125295733190646,
    1.6058658543665698,
    1.087293231942851,
    0.8251584441798507,
    0.6932810315280963,
    0.6119024332161922,
    0.5442437267607185,
    0.5038125826295015,
    0.47316070147760353,
    0.4539005075860175,
    0.44015094780238573,
    0.42984050289270986,
    0.4167897940441302,
    0.4091590342533057,
    0.3991569422043053,
    0.392927434888615,
    0.38590101916698893,
    0.3801487639166747,
    0.37550046427804196,
    0.37117486318964865,
    0.3703813984705384,
    0.3679164271730526,
    0.3653065933353582,
    0.3611505042500557,
    0.35842440552582405,
    0.35360128897580373,
    0.3517029870087933,
    0.3477055965240594,
    0.34648214190439053,
    0.34656910930469537,
    0.34479463351949763,
    0.34369606244715917,
    0.34199791339931973,
    0.34137622281244606,
    0.33970822327455896,
    0.3378394596563403,
    0.33692975541588605,
    0.335782709537418,
    0.3361457582491978,
    0.33577692190742797,
    0.33454090871723596,
    0.334334633580059,
    0.3345336148598392,
    0.33420222271589717,
    0.33383018981404367,
    0.33266360049319876,
    0.33314079594365353,
    0.33231491113829004,
    0.33146455898216576
  ],
  "val_accs": [
    17.39,
    24.91,
    51.04,
    67.56,
    76.25999999999999,
    80.30000000000001,
    83.55,
    85.39999999999999,
    86.74,
    87.27000000000001,
    88.11,
    88.42,
    88.73,
    88.86,
    88.84,
    89.33,
    89.56,
    89.72,
    89.75,
    89.95,
    90.13,
    90.06,
    90.10000000000001,
    90.08,
    90.25,
    90.34,
    90.44,
    90.28,
    90.53999999999999,
    90.48,
    90.63,
    90.73,
    90.73,
    90.63,
    90.63,
    90.73,
    90.81,
    90.88000000000001,
    90.8,
    90.85,
    90.85,
    91.03,
    90.92,
    91.11,
    90.99000000000001,
    90.9,
    91.03,
    90.93,
    90.99000000000001,
    91.03
  ],
  "config": {
    "epochs": 50,
    "batch_size": 64,
    "lr": 0.05,
    "hidden_sizes": [
      256,
      128
    ],
    "scheduler": "StepLR(step_size=10, gamma=0.5)",
    "device": "Fitted PiecewiseStepDevice (dw_min=0.002)"
  }
}