{
  "w_min": -1,
  "w_max": 1,
  "dw_min": 0.002,
  "up_down": -0.0004634262944273551,
  "write_noise_std": 0.02696926509326987,
  "piecewise_up": [
    0.5510442812624974,
    0.7336490994853796,
    0.9877262548068378,
    1.0254148681790158,
    1.0794000618827893,
    1.1091675029168193,
    1.1575111457753684,
    1.2266054496819514,
    1.263965797263882,
    1.5014146013705771
  ],
  "piecewise_down": [
    0.46128954844309783,
    0.6247573612076108,
    0.8164565362142854,
    0.9985349681272194,
    1.1959250276763875,
    1.3408806501304968,
    1.4745549534997715,
    1.575554857231313,
    1.6375150148579096,
    0.787401575583043
  ],
  "w_min_dtod": 0.0,
  "w_max_dtod": 0.0,
  "dw_min_dtod": 0.0,
  "dw_min_std": 0.0,
  "up_down_dtod": 0.0,
  "apply_write_noise_on_set": true,
  "_metadata": {
    "n_segments": 10,
    "n_cycles_used": 10,
    "pulses_per_half_cycle": 1000,
    "g_min_original": 9.67741935483871e-07,
    "g_max_original": 4.50635386119257e-06,
    "metrics": {
      "r2_up": 0.9995417879391815,
      "r2_down": 0.9998152718112239,
      "rmse_up": 0.012259149426932472,
      "rmse_down": 0.008256666285252583
    }
  }
}